{
    "train_accuracy": 0.8475,
    "test_accuracy": 0.82,
    "precision": 0.6666666666666666,
    "recall": 0.8387096774193549,
    "f1_score": 0.7428571428571429,
    "confusion_matrix": [
        [
            56,
            13
        ],
        [
            5,
            26
        ]
    ]
}